rubro,producto,precio,unidades_vendidas,facturacion,se_vendio
Carnes y pescados,Pollo Grille,18500,16,296000,Sí
Recomendados,Empanada de Carne Suave,3800,57,216600,Sí
Recomendados,Milanesa de Ternera,21000,7,148800,Sí
Calzones,Calzón Calabrés (pequeño),35800,4,143200,Sí
Carnes y pescados,Pollo al Verdeo,23000,6,138000,Sí
Empanadas,Empanada de Jamón y Queso,3400,33,112200,Sí
Calzones,Calzón Napolitano (pequeño),35800,3,107400,Sí
Pizzas artesanales,Pizza Mozzarella,22600,4,106600,Sí
Pastas,Gnocchi,13600,5,98800,Sí
Carnes y pescados,Suprema Rellena con Papas a la Española,23000,4,92000,Sí
Recomendados,Ojo de Bife,28500,3,85500,Sí
Pizzas artesanales,Pizza Percanta,36200,2,85400,Sí
Recomendados,Percanta (para compartir),28000,3,84000,Sí
Recomendados,Sorrentino (Jamón y Mozzarella),14800,4,83900,Sí
Carnes y pescados,Risotto al Frutti di Mare,27800,3,83400,Sí
Carnes y pescados,American Ribbs,26800,3,80400,Sí
Pizzas artesanales,Pizza Cuatro quesos,33000,2,75600,Sí
Pizzas artesanales,Pizza Mexicana,32800,2,75000,Sí
Pizzas artesanales,Pizza Veneciana,32800,2,75000,Sí
Carnes y pescados,Bife de Costilla,24500,3,73500,Sí
Pizzas artesanales,Pizza Fugazzeta rellena,34100,2,73000,Sí
Vinos y cervezas,Angélica Zapata Malbec,72000,1,72000,Sí
Empanadas,Empanada de Verdura,3400,21,71400,Sí
Pizzas artesanales,Pizza Napolitana,27200,2,70800,Sí
Pizzas artesanales,Vegetariana,32900,2,70500,Sí
Pizzas artesanales,Rúcula y Brie,34600,2,69200,Sí
Carnes y pescados,Risotto Pollo,23000,3,69000,Sí
Ensaladas,Caesar con Pollo,17100,4,68400,Sí
Pizzas artesanales,Pizza Leonesa,33300,2,66600,Sí
Carnes y pescados,Salmón Rosado,32400,2,64800,Sí
Pizzas artesanales,Pizza Jamón y morrones,27600,2,63500,Sí
Pastas,Spaguetti,13400,3,62300,Sí
Pastas,Penne Rigatti,13600,3,61400,Sí
Empanadas,Empanada de Atún,4000,15,60000,Sí
Carnes y pescados,Lomo al Champignon,28500,2,57000,Sí
Carnes y pescados,Bife de Chorizo,26000,2,52000,Sí
Vinos y cervezas,D.V. Catena Malbec-Malbec,52000,1,52000,Sí
Carnes y pescados,Pollo al Curry,25800,2,51600,Sí
Ensaladas,Primavera con Pollo,17100,3,51300,Sí
Empanadas,Empanada de Roquefort,3400,15,51000,Sí
Recomendados,Tabla Percanta,47500,1,47500,Sí
Carnes y pescados,Merluza,22000,2,44000,Sí
Carnes y pescados,Matambrito de Cerdo,21000,2,42000,Sí
Entradas,Bruschetta Tradicional,13800,3,41400,Sí
Carnes y pescados,Wok de Vegetales,20600,2,41200,Sí
Pastas,Spaghetti integral (de morrón y remolacha),13400,2,41200,Sí
Pastas,Spaghetti integral (de espinaca),13400,2,41100,Sí
Carnes y pescados,Suprema de Pollo,19800,2,40800,Sí
Empanadas,Empanada de Choclo,3400,12,40800,Sí
Pastas,Penne Rigatti sin gluten,13600,2,39600,Sí
Pizzas artesanales,Pizza Rúcula/Tomates Confitados,34100,1,38900,Sí
Pizzas artesanales,Pizza Provolone,32900,1,37600,Sí
Pizzas artesanales,Pizza Vegetariana,32900,1,37600,Sí
Pizzas artesanales,Ananá,33000,1,37600,Sí
Desayuno y merienda,Americano,18000,2,36000,Sí
Pizzas artesanales,Pizza Fugazza con mozzarella,27200,1,35400,Sí
Ensaladas,Carpaccio de Lomo,17200,2,34400,Sí
Hamburguesas,Classic-Burger,16800,2,33600,Sí
Hamburguesas,Veggie-Burger,16800,2,33600,Sí
Pizzas artesanales,Pizza Roquefort,32800,1,32800,Sí
Empanadas,Empanada Caprese,3400,9,30600,Sí
Hora dulce,Copa Helada (dos Gustos),10200,3,30600,Sí
Entradas,Nachos Mex,14600,2,29200,Sí
Recomendados,Provoleta Clásica,14600,2,29200,Sí
Entradas,Omelette de Espinaca y Queso,14500,2,29000,Sí
Recomendados,Lomo a la Pimienta Negra,28500,1,28500,Sí
Vinos y cervezas,Saint Felicien Malbec 2005,28000,1,28000,Sí
Entradas,Papas Bravas o Tranquilas (Cheddar fundido),13900,2,27800,Sí
Entradas,Mozzarella Marinara,13900,2,27800,Sí
Pizzas artesanales,Pizza Margarita,27400,1,27400,Sí
Carnes y pescados,Trucha Ahumada,27000,1,27000,Sí
Vinos y cervezas,Alamos Extra Brut - Catena Zapata,27000,1,27000,Sí
Desayuno y merienda,Continental,13000,2,26000,Sí
Pastas,Sorrentino (Salmón),17100,1,25300,Sí
Empanadas,Empanada de Queso y Cebolla,3400,7,23800,Sí
Ensaladas,Patagónica con Trucha,21900,1,21900,Sí
Pastas,Tallarín casero,13600,1,21800,Sí
Pastas,Gnocchi rellenos,14200,1,21800,Sí
Pastas,Panzotti de Pollo-Funghi,15400,1,21600,Sí
Desayuno y merienda,Fruta,4300,5,21500,Sí
Bebidas,Coca-Cola Light,4200,5,21000,Sí
Carnes y pescados,Risotto de Vegetales,21000,1,21000,Sí
Entradas,Huevos x 2 (fritos o duros),10400,2,20800,Sí
Hora dulce,Crumble tibia de Manzana,10400,2,20800,Sí
Entradas,Romana Langostinos,20500,1,20500,Sí
Cafetería,Baileys,6600,3,19800,Sí
Sándwiches,Sándwich de Pan de Molde de Jamón Cocido,9800,2,19600,Sí
Cafetería,Infusión Té Negro en Hebras,4800,4,19200,Sí
Entradas,Romana Rabas (con salsa Provenzal),18500,1,18500,Sí
Bebidas,Limonada,6000,3,18000,Sí
Recomendados,Chocotorta,8900,2,17800,Sí
Empanadas,Empanada de Pollo,3500,5,17500,Sí
Hamburguesas,Patagonia Burger,17400,1,17400,Sí
Cafetería,Capuchino (americano / uruguayo),4300,4,17200,Sí
Tortas,Rogel de Dulce de Leche,8600,2,17200,Sí
Cafetería,Chocolate Caliente (Temporada Invernal),5700,3,17100,Sí
Panadería y dulces,Tostada Pan Integral con Palta,8500,2,17000,Sí
Panadería y dulces,Naranjitas confitadas con chocolate x 6,5600,3,16800,Sí
Sándwiches,Panini Lomo,16800,1,16800,Sí
Hora dulce,Ensalada de Frutas,8000,2,16000,Sí
Bebidas,Licuado con leche o Jugo Naranja,7800,2,15600,Sí
Ensaladas,Arco Iris,15400,1,15400,Sí
Ensaladas,Armá tu ensalada,12500,1,15300,Sí
Desayuno y merienda,Casual,7600,2,15200,Sí
Entradas,Omelette Especial,14500,1,14500,Sí
Entradas,Omelette de Zanahoria y Queso,14500,1,14500,Sí
Entradas,Tortilla de papa,14500,1,14500,Sí
Vinos y cervezas,Uxmal Moscatel de Alejandría,14000,1,14000,Sí
Vinos y cervezas,Estiba I Rosé,13500,1,13500,Sí
Cafetería,Frizze de Naranja y Fresa,6600,2,13200,Sí
Bebidas,Coca-Cola Zero,4200,3,12600,Sí
Panadería y dulces,Alfajores de Coco (con Dulce de leche),6200,2,12400,Sí
Panadería y dulces,Tostadas Pan Sin Gluten c/ Dulce de Leche,6200,2,12400,Sí
Panadería y dulces,Budín: Naranja y Amapola,5800,2,11600,Sí
Panadería y dulces,Tostadas de Multicereal c/ Manteca y Dulce,5800,2,11600,Sí
Empanadas,Empanada de Carne Picante,3800,3,11400,Sí
Panadería y dulces,Cookie: Avena y Almendras,5600,2,11200,Sí
Panadería y dulces,"Cookie: Manzana, Canela y Almendras",5600,2,11200,Sí
Panadería y dulces,Alfajor de Dulce de Leche,5600,2,11200,Sí
Bebidas,Jugo de Naranja,5400,2,10800,Sí
Hora dulce,Crema Bávara de Sambayón,10700,1,10700,Sí
Cafetería,Submarino,5300,2,10600,Sí
Entradas,Papa Puré,10500,1,10500,Sí
Tortas,"Brownie, Dulce de Leche y Merengue",9000,1,9000,Sí
Tortas,Nutella,8800,1,8800,Sí
Tortas,Carrot Cake y Cream Cheese,8800,1,8800,Sí
Panadería y dulces,"Florentino (Frutos Secos, Cerezas y otras Frutas)",8700,1,8700,Sí
Cafetería,Infusión (Té),4300,2,8600,Sí
Tortas,Lemon Pie,8600,1,8600,Sí
Bebidas,Agua Mineral Sin Gas (Villavicencio),4200,2,8400,Sí
Bebidas,Agua Mineral Con Gas,4200,2,8400,Sí
Bebidas,Fanta Naranja,4200,2,8400,Sí
Recomendados,Flan casero,8200,1,8200,Sí
Cafetería,Leche,3500,2,7000,Sí
Cafetería,Calypso,6600,1,6600,Sí
Cafetería,Irish Coffee,6600,1,6600,Sí
Cafetería,Le France,6600,1,6600,Sí
Cafetería,Frescolate Coffee,6600,1,6600,Sí
Cafetería,Vainilla Coffee Ice,6600,1,6600,Sí
Cafetería,Peach Ice Tea,6600,1,6600,Sí
Entradas,Caldo de Huesos,6200,1,6200,Sí
Tortas,Ricotta,6100,1,6100,Sí
Panadería y dulces,Naranjitas confitadas con chocolate x 12,6000,1,6000,Sí
Panadería y dulces,Budín: Limón,5800,1,5800,Sí
Panadería y dulces,Cookie: Chocolate,5600,1,5600,Sí
Panadería y dulces,Scons,5600,1,5600,Sí
Panadería y dulces,Coquito,5500,1,5500,Sí
Bebidas,Jugo Natural Chico Naranja / Limón,5400,1,5400,Sí
Cafetería,Capuchino a la Italiana,4600,1,4600,Sí
Cafetería,Café con leche,4600,1,4600,Sí
Bebidas,Sprite Zero,4200,1,4200,Sí
Cafetería,Café con crema,3800,1,3800,Sí
Entradas,Fainá (porción),3300,1,3300,Sí
Bebidas,Jugo de Naranja y Pasto de Trigo (Wheatgrass),6700,0,0,No
Bebidas,Agua Saborizada Levite,4200,0,0,No
Bebidas,Agua Saborizada We by Ser,3500,0,0,No
Bebidas,Coca-Cola Regular,4200,0,0,No
Bebidas,Sprite,4200,0,0,No
Bebidas,Fanta Pomelo,4200,0,0,No
Bebidas,Tónica Schweppes,4200,0,0,No
Bebidas,"Agua Saborizada Levite (Pomelo, Naranja Dulce, Manzana Cero)",4200,0,0,No
Bebidas,"Agua Saborizada We by Ser (Citrus, Limón)",3500,0,0,No
Bebidas,Jugo Natural Grande Naranja,7300,0,0,No
Bebidas,Licuado (banana o durazno o frutilla o ananá o naranja),7000,0,0,No
Bebidas,Licuado Multifruta,7500,0,0,No
Bebidas,Ice tea (Té Frío),4200,0,0,No
Bebidas,Limonada con Menta y Jengibre,6400,0,0,No
Bebidas,Milk shake (Vainilla o Chocolate o Americana con leche),8700,0,0,No
Cafetería,Café Macchiatto,3500,0,0,No
Cafetería,Café (americano / uruguayo),4000,0,0,No
Cafetería,Café doble,5500,0,0,No
Cafetería,Café con Leche en Tazón,5300,0,0,No
Cafetería,Café Proteico (c/Coco Batido/Ghee),6600,0,0,No
Cafetería,Café con Leche Almendras,6600,0,0,No
Cafetería,Infusión aromática,4600,0,0,No
Cafetería,Capuchino doble,6200,0,0,No
Cafetería,Percanta,6600,0,0,No
Cafetería,Capuchino doble Proteico,7300,0,0,No
Cafetería,Capuchino doble italiana,6600,0,0,No
Cafetería,Carajillo,6600,0,0,No
Cafetería,Vienes,6600,0,0,No
Cafetería,Banana Split coffee Frape,6600,0,0,No
Cafetería,Red Fruit Coffee Frape,6600,0,0,No
Cafetería,Café Latte,6600,0,0,No
Cafetería,Baileys Coffee Frape,6600,0,0,No
Cafetería,Lemon Honey Ice Tea,6600,0,0,No
Calzones,Calzone Napolitano (pequeño),35800,0,0,No
Calzones,Calzón Percanta (pequeño),36500,0,0,No
Calzones,Calzón Italiano (grande),40500,0,0,No
Carnes y pescados,Ribbs Percanta,26800,0,0,No
Carnes y pescados,Medallón de Lomo,28000,0,0,No
Carnes y pescados,Mongolian Beef (Picante),28500,0,0,No
Desayuno y merienda,Yogurt con cereales Frutos Rojos,5100,0,0,No
Desayuno y merienda,Madero,7500,0,0,No
Desayuno y merienda,Detox (Licuado),7600,0,0,No
Desayuno y merienda,Energético,11000,0,0,No
Desayuno y merienda,Deportivo,12400,0,0,No
Ensaladas,Armá tu ensalada (hasta 4 variedades),12500,0,0,No
Ensaladas,Zen Antioxidante,15800,0,0,No
Ensaladas,Carpaccio de Calabaza,15400,0,0,No
Ensaladas,Cítrica,15400,0,0,No
Ensaladas,Pampeana,15400,0,0,No
Ensaladas,Caprese,15600,0,0,No
Ensaladas,Oriental con Atún,17200,0,0,No
Ensaladas,Del Mar con Salmón Ahumado,21900,0,0,No
Ensaladas,Americana con Pollo,17100,0,0,No
Ensaladas,Mediterráneo con Pollo,17100,0,0,No
Ensaladas,Palacio con Langostinos,21000,0,0,No
Ensaladas,Madero con Langostinos,21000,0,0,No
Entradas,Bruschetta de Salmón Ahumado,16400,0,0,No
Entradas,Nachos,14200,0,0,No
Entradas,Pan de Pizza con Provolone (chico 6 porc.),27800,0,0,No
Entradas,Papas Fritas (Provenzal o regular),10600,0,0,No
Entradas,Provoleta Flambeada,15200,0,0,No
Entradas,Mozzarella Flor di Latte,15400,0,0,No
Entradas,Pinchos de pollo grillados (Salsa Tártara),14800,0,0,No
Entradas,Omelette de Jamón y Queso,13900,0,0,No
Entradas,Tortilla española,15800,0,0,No
Entradas,Fainá Percanta (porción),3900,0,0,No
Hamburguesas,Mex-Burger,17200,0,0,No
Hamburguesas,Blue-Burger,17200,0,0,No
Hamburguesas,Doble Burger,20800,0,0,No
Hora dulce,Copa Marron Glacé,11800,0,0,No
Hora dulce,Brownie Tibio,10500,0,0,No
Hora dulce,New York Cheese Cake - Caramel,10700,0,0,No
Hora dulce,Crepe de Dulce de Leche (con o sin),10200,0,0,No
Hora dulce,Postre Vigilante,8000,0,0,No
Hora dulce,Copa Helada Frutal (para compartir),10300,0,0,No
Hora dulce,Plato de Frutas,10000,0,0,No
Hora dulce,Frutillas con Crema,10200,0,0,No
Hora dulce,Volcán de Chocolate,11200,0,0,No
Hora dulce,Tentación de Mousses,11000,0,0,No
Hora dulce,Torta Turrón de Frutos Secos,10700,0,0,No
Hora dulce,Nidito de crujiente merengue,10400,0,0,No
Hora dulce,Cheese Cake,10600,0,0,No
Hora dulce,Crepe de Manzana,11000,0,0,No
Hora dulce,Postre Martín Fierro,8000,0,0,No
Hora dulce,Tiramisú,10700,0,0,No
Hora dulce,Copa Helada Golosos (para compartir),11000,0,0,No
Hora dulce,Tulipa Infantil (bocha helado de un gusto),7900,0,0,No
Panadería y dulces,Medialunas (Manteca o Grasa),2000,0,0,No
Panadería y dulces,Cookie: Avena y Nuez,5600,0,0,No
Panadería y dulces,Budín: Nuez,5800,0,0,No
Panadería y dulces,Budín: Multicereal,5800,0,0,No
Panadería y dulces,Cuadradito: Brownie,5800,0,0,No
Panadería y dulces,Cuadradito: Limón,5500,0,0,No
Panadería y dulces,Cuadradito: Crumble Manzana,5600,0,0,No
Panadería y dulces,Pasta Frola Membrillo,5600,0,0,No
Panadería y dulces,Muffin,5900,0,0,No
Panadería y dulces,Medialuna de jamón y queso,5600,0,0,No
Panadería y dulces,Tostado de jamón y queso,8500,0,0,No
Panadería y dulces,"Huevos revueltos, panceta / pan de campo",8900,0,0,No
Panadería y dulces,"Tostada Pan Integral, Palta y huevo poché",9300,0,0,No
Panadería y dulces,Alfajores de Maizena (con Dulce de leche),5400,0,0,No
Panadería y dulces,Macarrón,6200,0,0,No
Panadería y dulces,Conito de Dulce de Leche y Chocolate,5600,0,0,No
Panadería y dulces,Tostada Baguette Blancas c/ Manteca y Dulce,5800,0,0,No
Panadería y dulces,Adicionales: Dulces,2200,0,0,No
Pastas,Ravioles de Ricotta,14400,0,0,No
Pastas,Ravioles de Verdura,14400,0,0,No
Pastas,Tagliatelle,13400,0,0,No
Pastas,Tagliatelle de espinaca,13400,0,0,No
Pastas,Panzotti de Calabaza,14600,0,0,No
Pastas,Cappelletti,15400,0,0,No
Pizzas artesanales,Pizza Caprese,27200,0,0,No
Pizzas artesanales,Pizza Calabresa,32900,0,0,No
Pizzas artesanales,Pizza Americana,32900,0,0,No
Pizzas artesanales,Pizza Fugazza Cabrona,32900,0,0,No
Pizzas artesanales,Pizza Salmón Ahumado,39700,0,0,No
Pizzas artesanales,Pizza Salmón Ahumado y Brie,41500,0,0,No
Pizzas artesanales,Pizza Anchoas,34100,0,0,No
Pizzas artesanales,Pizza Atún,34100,0,0,No
Pizzas artesanales,Pizza Sorrentina,27500,0,0,No
Pizzas artesanales,Pizza Fugazza,27100,0,0,No
Pizzas artesanales,Pizza Fugazza morada,27300,0,0,No
Pizzas artesanales,"Pizza Rúcula, Crudo y parmesano",34100,0,0,No
Pizzas artesanales,Pizza Rúcula y Brie,34600,0,0,No
Pizzas artesanales,Pizza Palmitos,33900,0,0,No
Pizzas artesanales,Pizza Champignon,33900,0,0,No
Pizzas artesanales,Pizza Mediterránea,32900,0,0,No
Pizzas artesanales,Pizza Espárragos a la Parmesana,33100,0,0,No
Pizzas artesanales,Pizza Ananá,33000,0,0,No
Pizzas artesanales,Pan de Pizza,27800,0,0,No
Pizzas artesanales,Rúcula Crudo y Parmesano,34100,0,0,No
Pizzas artesanales,Rúcula / Tomates Confitados,34100,0,0,No
Pizzas artesanales,Palmitos,33900,0,0,No
Pizzas artesanales,Champignon,33900,0,0,No
Pizzas artesanales,Mediterránea,32900,0,0,No
Pizzas artesanales,Espárragos a la Parmesana,33100,0,0,No
Sándwiches,Sándwiches de Miga de Jamón y Queso (x3),9100,0,0,No
Sándwiches,Sándwiches de Miga Especiales de Jamón y/o Queso (x3),9500,0,0,No
Sándwiches,Sándwiches de Miga de Crudo y Queso (x3),10500,0,0,No
Sándwiches,Sándwiches de Miga Especiales Premium (x3),11000,0,0,No
Sándwiches,Sándwich de Pan de Molde de Jamón Crudo,11800,0,0,No
Sándwiches,Sándwich de Pan de Molde de Atún,12300,0,0,No
Sándwiches,Sándwich de Pan de Molde de Salmón Ahumado,17400,0,0,No
Sándwiches,Panini Caprese,11000,0,0,No
Sándwiches,Panini de Vegetales,11000,0,0,No
Sándwiches,Panini de Pollo,14600,0,0,No
Sándwiches,Panini de Lomo,16800,0,0,No
Sándwiches,Panini Vegetales,11000,0,0,No
Sándwiches,Panini Pollo,14600,0,0,No
Tablas,Tablita de Quesos,22200,0,0,No
Tablas,Tablita de Quesos y Fiambres,21700,0,0,No
Tablas,Cazuela Individual,11200,0,0,No
Tortas,Clásico Balcarce,9700,0,0,No
Tortas,Chesse Cake,10600,0,0,No
Tortas,Tarteleta,6500,0,0,No
Tortas,Dulce de leche y Coco,8800,0,0,No
Tortas,Galesa (Invernal),6600,0,0,No
Vinos y cervezas,Cerveza Grolsch,6200,0,0,No
Vinos y cervezas,Cerveza Warsteiner,6000,0,0,No
Vinos y cervezas,Cerveza Heineken,6200,0,0,No
Vinos y cervezas,Cerveza Sol (porrón),6800,0,0,No
Vinos y cervezas,Trumpeter Brut Nature (750cc) - Bodega La Rural,26500,0,0,No
Vinos y cervezas,San Felipe Extra Brut (750cc),21500,0,0,No
Vinos y cervezas,Uxmal Extra Brut - Bodega Uxmal,25000,0,0,No
Vinos y cervezas,1888 (200cc),4500,0,0,No
Vinos y cervezas,Chandon Baron B. Extra Brut (750cc),58000,0,0,No
Vinos y cervezas,Chandon Extra Brut,9800,0,0,No
Vinos y cervezas,Mumm Extra Brut,9000,0,0,No
Vinos y cervezas,Uxmal Malbec,8200,0,0,No
Vinos y cervezas,Uxmal Cabernet - Sauvignon,8200,0,0,No
Vinos y cervezas,Uxmal Chardonay,8200,0,0,No
Vinos y cervezas,Uxmal Sauvignon Blanc-Semillón,14000,0,0,No
Vinos y cervezas,Uxmal Red Blend,14000,0,0,No
Vinos y cervezas,Bravo Malbec,7000,0,0,No
Vinos y cervezas,Bravo Sauvignon Blanc,7000,0,0,No
Vinos y cervezas,Estiba I Cabernet Sauvignon,13500,0,0,No
Vinos y cervezas,Estiba I Malbec,9000,0,0,No
Vinos y cervezas,Estiba I Chardonnay,9000,0,0,No
Vinos y cervezas,Estiba I Syrah,13500,0,0,No
Vinos y cervezas,D.V. Catena Cabernet-Malbec,38000,0,0,No
Vinos y cervezas,Angélica Zapata Cabernet Sauvignon,55000,0,0,No
Vinos y cervezas,Angélica Zapata Chardonnay,60000,0,0,No
Vinos y cervezas,Saint Felicien Cabernet-Merlot 2005,28000,0,0,No
Vinos y cervezas,Saint Felicien Chardonay roble,28000,0,0,No
Vinos y cervezas,Nicasia Malbec,27000,0,0,No
Vinos y cervezas,Nicasia Cabernet Franc,27000,0,0,No
Vinos y cervezas,Nicasia Blanc de blancs,27000,0,0,No
Vinos y cervezas,Alamos Cabernet Sauvignon,24000,0,0,No
Vinos y cervezas,Alamos Malbec,24000,0,0,No
Vinos y cervezas,Alamos Chardonnay,24000,0,0,No
Vinos y cervezas,Rutini Cabernet Malbec,25000,0,0,No
Vinos y cervezas,Rutini Chardonnay (750cc),34000,0,0,No
Vinos y cervezas,Rutini Malbec,42000,0,0,No
Vinos y cervezas,Trumpeter Malbec,12500,0,0,No
Vinos y cervezas,Trumpeter Cabernet Sauvignon,21500,0,0,No
Vinos y cervezas,Trumpeter Rosé,21500,0,0,No
Vinos y cervezas,Trumpeter Sauvignon Blanc,12500,0,0,No
Vinos y cervezas,Terrazas Cabernet Sauvignon (750cc),25000,0,0,No
Vinos y cervezas,Terrazas Malbec (750cc),25000,0,0,No
Vinos y cervezas,Terrazas Chardonay (750cc),25000,0,0,No
Vinos y cervezas,Latitud 33 Malbec (750cc),15000,0,0,No
Vinos y cervezas,Latitud 33 Cabernet - Sauvignon (750cc),15000,0,0,No
Vinos y cervezas,Santa Julia Cosecha Tardía 500cc,11800,0,0,No
Vinos y cervezas,Norton Cosecha Tardía 750cc,13500,0,0,No
